{"cameraMode":{"drawMode":0,"name":"Shaded","section":"Shading Mode"},"sceneLighting":true,"audioPlay":false,"sceneViewState":{"showFog":true,"showMaterialUpdate":false,"showSkybox":true,"showFlares":true,"showImageEffects":true,"showParticleSystems":true},"in2DMode":false,"pivot":{"x":287.0277404785156,"y":103.67369079589844,"z":252.705322265625},"rotation":{"x":-0.23278400301933289,"y":0.34980350732803347,"z":-0.09018054604530335,"w":-0.9029507040977478},"size":7.195424556732178,"orthographic":false}