{"cameraMode":{"drawMode":0,"name":"Shaded","section":"Shading Mode"},"sceneLighting":true,"audioPlay":false,"sceneViewState":{"showFog":true,"showMaterialUpdate":false,"showSkybox":true,"showFlares":true,"showImageEffects":true,"showParticleSystems":true},"in2DMode":false,"pivot":{"x":288.96612548828127,"y":103.59244537353516,"z":259.8965148925781},"rotation":{"x":0.27515891194343569,"y":-0.3105769455432892,"z":0.094553641974926,"w":0.9049678444862366},"size":6.736385345458984,"orthographic":true}