{"cameraMode":{"drawMode":0,"name":"Shaded","section":"Shading Mode"},"sceneLighting":false,"audioPlay":false,"sceneViewState":{"showFog":true,"showMaterialUpdate":false,"showSkybox":false,"showFlares":true,"showImageEffects":true,"showParticleSystems":true},"in2DMode":false,"pivot":{"x":-0.0030384957790374758,"y":0.10453179478645325,"z":-0.017990842461586},"rotation":{"x":-0.1519061028957367,"y":0.3412446081638336,"z":-0.05598338693380356,"w":-0.9259281158447266},"size":0.7824245095252991,"orthographic":false}