{"cameraMode":{"drawMode":0,"name":"Shaded","section":"Shading Mode"},"sceneLighting":true,"audioPlay":false,"sceneViewState":{"showFog":true,"showMaterialUpdate":false,"showSkybox":true,"showFlares":true,"showImageEffects":true,"showParticleSystems":true},"in2DMode":false,"pivot":{"x":287.5509033203125,"y":91.0756607055664,"z":257.7584533691406},"rotation":{"x":-0.09031907469034195,"y":0.8788420557975769,"z":-0.1842908412218094,"w":-0.4307270646095276},"size":9.222469329833985,"orthographic":false}