{"cameraMode":{"drawMode":0,"name":"Shaded","section":"Shading Mode"},"sceneLighting":false,"audioPlay":false,"sceneViewState":{"showFog":true,"showMaterialUpdate":false,"showSkybox":false,"showFlares":true,"showImageEffects":true,"showParticleSystems":true},"in2DMode":false,"pivot":{"x":0.01837954670190811,"y":-0.16357266902923585,"z":0.7339271306991577},"rotation":{"x":-0.1458345204591751,"y":0.4599153697490692,"z":-0.076869897544384,"w":-0.8725260496139526},"size":0.8578404784202576,"orthographic":false}