{"cameraMode":{"drawMode":0,"name":"Shaded","section":"Shading Mode"},"sceneLighting":true,"audioPlay":false,"sceneViewState":{"showFog":true,"showMaterialUpdate":false,"showSkybox":true,"showFlares":true,"showImageEffects":true,"showParticleSystems":true},"in2DMode":false,"pivot":{"x":226.3284912109375,"y":-7678.22998046875,"z":226.68173217773438},"rotation":{"x":-0.20470154285430909,"y":-0.6573693156242371,"z":0.1923406422138214,"w":-0.6993111968040466},"size":6.436525344848633,"orthographic":true}