{"cameraMode":{"drawMode":0,"name":"Shaded","section":"Shading Mode"},"sceneLighting":true,"audioPlay":false,"sceneViewState":{"showFog":true,"showMaterialUpdate":false,"showSkybox":true,"showFlares":true,"showImageEffects":true,"showParticleSystems":true},"in2DMode":false,"pivot":{"x":308.91845703125,"y":127.6771240234375,"z":241.04647827148438},"rotation":{"x":-0.1364532709121704,"y":0.2746002972126007,"z":-0.03940121829509735,"w":-0.9510157108306885},"size":74.80840301513672,"orthographic":true}