{"cameraMode":{"drawMode":0,"name":"Shaded","section":"Shading Mode"},"sceneLighting":true,"audioPlay":false,"sceneViewState":{"showFog":true,"showMaterialUpdate":false,"showSkybox":true,"showFlares":true,"showImageEffects":true,"showParticleSystems":true},"in2DMode":false,"pivot":{"x":291.2300109863281,"y":106.08969116210938,"z":255.489990234375},"rotation":{"x":-0.1519061028957367,"y":0.3412446081638336,"z":-0.05598338693380356,"w":-0.9259281158447266},"size":24.582717895507814,"orthographic":false}