{"cameraMode":{"drawMode":0,"name":"Shaded","section":"Shading Mode"},"sceneLighting":false,"audioPlay":false,"sceneViewState":{"showFog":true,"showMaterialUpdate":false,"showSkybox":false,"showFlares":true,"showImageEffects":true,"showParticleSystems":true},"in2DMode":false,"pivot":{"x":298.3999938964844,"y":102.4478759765625,"z":257.1499938964844},"rotation":{"x":-0.1988946944475174,"y":0.30905911326408389,"z":-0.0662645772099495,"w":-0.9276493787765503},"size":8.532241821289063,"orthographic":false}