{"cameraMode":{"drawMode":0,"name":"Shaded","section":"Shading Mode"},"sceneLighting":false,"audioPlay":false,"sceneViewState":{"showFog":true,"showMaterialUpdate":false,"showSkybox":false,"showFlares":true,"showImageEffects":true,"showParticleSystems":true},"in2DMode":false,"pivot":{"x":0.8591963052749634,"y":1.0896635055541993,"z":-1.176291823387146},"rotation":{"x":-0.1309841424226761,"y":0.49975791573524477,"z":-0.07676254212856293,"w":-0.8527573943138123},"size":5.820070743560791,"orthographic":true}