{"cameraMode":{"drawMode":0,"name":"Shaded","section":"Shading Mode"},"sceneLighting":false,"audioPlay":false,"sceneViewState":{"showFog":true,"showMaterialUpdate":false,"showSkybox":false,"showFlares":true,"showImageEffects":true,"showParticleSystems":true},"in2DMode":false,"pivot":{"x":284.42974853515627,"y":104.92191314697266,"z":253.03402709960938},"rotation":{"x":0.033880315721035007,"y":0.31360527873039248,"z":0.011198501102626324,"w":-0.9488842487335205},"size":5.0651068687438969,"orthographic":false}