{"cameraMode":{"drawMode":0,"name":"Shaded","section":"Shading Mode"},"sceneLighting":true,"audioPlay":false,"sceneViewState":{"showFog":true,"showMaterialUpdate":false,"showSkybox":true,"showFlares":true,"showImageEffects":true,"showParticleSystems":true},"in2DMode":false,"pivot":{"x":290.6790466308594,"y":93.505126953125,"z":272.68145751953127},"rotation":{"x":-0.28577685356140139,"y":0.36727699637413027,"z":-0.11968401819467545,"w":-0.8769975304603577},"size":17.016435623168947,"orthographic":true}