{"cameraMode":{"drawMode":0,"name":"Shaded","section":"Shading Mode"},"sceneLighting":true,"audioPlay":false,"sceneViewState":{"showFog":true,"showMaterialUpdate":false,"showSkybox":true,"showFlares":true,"showImageEffects":true,"showParticleSystems":true},"in2DMode":false,"pivot":{"x":290.80474853515627,"y":102.9386978149414,"z":260.2198181152344},"rotation":{"x":0.22378449141979218,"y":-0.3008522689342499,"z":0.07300067692995072,"w":0.9242118000984192},"size":5.363902568817139,"orthographic":true}