{"cameraMode":{"drawMode":0,"name":"Shaded","section":"Shading Mode"},"sceneLighting":false,"audioPlay":false,"sceneViewState":{"showFog":true,"showMaterialUpdate":false,"showSkybox":false,"showFlares":true,"showImageEffects":true,"showParticleSystems":true},"in2DMode":false,"pivot":{"x":0.5324138402938843,"y":0.06786274909973145,"z":-0.018594861030578615},"rotation":{"x":-0.1321219503879547,"y":0.8296215534210205,"z":-0.22132229804992677,"w":-0.4952751398086548},"size":9.790129661560059,"orthographic":false}