{"cameraMode":{"drawMode":0,"name":"Shaded","section":"Shading Mode"},"sceneLighting":false,"audioPlay":false,"sceneViewState":{"showFog":true,"showMaterialUpdate":false,"showSkybox":false,"showFlares":true,"showImageEffects":true,"showParticleSystems":true},"in2DMode":false,"pivot":{"x":295.9599914550781,"y":102.6368637084961,"z":258.80657958984377},"rotation":{"x":-0.2908594310283661,"y":0.45721250772476199,"z":-0.16121521592140199,"w":-0.8248623609542847},"size":3.1272952556610109,"orthographic":false}