{"cameraMode":{"drawMode":0,"name":"Shaded","section":"Shading Mode"},"sceneLighting":true,"audioPlay":false,"sceneViewState":{"showFog":true,"showMaterialUpdate":false,"showSkybox":true,"showFlares":true,"showImageEffects":true,"showParticleSystems":true},"in2DMode":false,"pivot":{"x":317.01690673828127,"y":93.88688659667969,"z":231.002685546875},"rotation":{"x":0.006633311044424772,"y":0.9607256054878235,"z":0.023053042590618135,"w":-0.2764667868614197},"size":4.492918491363525,"orthographic":false}