{"cameraMode":{"drawMode":0,"name":"Shaded","section":"Shading Mode"},"sceneLighting":true,"audioPlay":false,"sceneViewState":{"showFog":true,"showMaterialUpdate":false,"showSkybox":true,"showFlares":true,"showImageEffects":true,"showParticleSystems":true},"in2DMode":false,"pivot":{"x":322.1246643066406,"y":103.81880187988281,"z":288.3580627441406},"rotation":{"x":0.14870685338974,"y":-0.31416434049606326,"z":0.04988956078886986,"w":0.9363365769386292},"size":20.989755630493165,"orthographic":false}