{"cameraMode":{"drawMode":0,"name":"Shaded","section":"Shading Mode"},"sceneLighting":false,"audioPlay":false,"sceneViewState":{"showFog":true,"showMaterialUpdate":false,"showSkybox":false,"showFlares":true,"showImageEffects":true,"showParticleSystems":true},"in2DMode":false,"pivot":{"x":289.2904968261719,"y":103.67301177978516,"z":257.9477844238281},"rotation":{"x":0.043120499700307849,"y":0.9568238854408264,"z":-0.19764697551727296,"w":0.20874430239200593},"size":5.742846965789795,"orthographic":false}