{"cameraMode":{"drawMode":0,"name":"Shaded","section":"Shading Mode"},"sceneLighting":true,"audioPlay":false,"sceneViewState":{"showFog":true,"showMaterialUpdate":false,"showSkybox":true,"showFlares":true,"showImageEffects":true,"showParticleSystems":true},"in2DMode":false,"pivot":{"x":293.3299865722656,"y":102.58000183105469,"z":258.94000244140627},"rotation":{"x":-0.20669329166412354,"y":0.3427583873271942,"z":-0.07758660614490509,"w":-0.9131131768226624},"size":22.0,"orthographic":false}