{"cameraMode":{"drawMode":0,"name":"Shaded","section":"Shading Mode"},"sceneLighting":false,"audioPlay":false,"sceneViewState":{"showFog":true,"showMaterialUpdate":false,"showSkybox":false,"showFlares":true,"showImageEffects":true,"showParticleSystems":true},"in2DMode":false,"pivot":{"x":-4.417184829711914,"y":5.4818291664123539,"z":-9.848464965820313},"rotation":{"x":-0.1317444145679474,"y":0.6771676540374756,"z":-0.12511271238327027,"w":-0.7130485773086548},"size":47.382633209228519,"orthographic":false}