{"cameraMode":{"drawMode":0,"name":"Shaded","section":"Shading Mode"},"sceneLighting":true,"audioPlay":false,"sceneViewState":{"showFog":true,"showMaterialUpdate":false,"showSkybox":true,"showFlares":true,"showImageEffects":true,"showParticleSystems":true},"in2DMode":false,"pivot":{"x":289.9163513183594,"y":104.64227294921875,"z":260.60821533203127},"rotation":{"x":-0.17179536819458009,"y":0.306671142578125,"z":-0.056378282606601718,"w":-0.934484601020813},"size":7.207377910614014,"orthographic":false}