{"cameraMode":{"drawMode":0,"name":"Shaded","section":"Shading Mode"},"sceneLighting":true,"audioPlay":false,"sceneViewState":{"showFog":true,"showMaterialUpdate":false,"showSkybox":true,"showFlares":true,"showImageEffects":true,"showParticleSystems":true},"in2DMode":false,"pivot":{"x":294.32049560546877,"y":102.84300994873047,"z":258.04779052734377},"rotation":{"x":-0.22421297430992127,"y":0.29225724935531618,"z":-0.07069247961044312,"w":-0.9270194172859192},"size":27.98332977294922,"orthographic":true}