{"cameraMode":{"drawMode":0,"name":"Shaded","section":"Shading Mode"},"sceneLighting":false,"audioPlay":false,"sceneViewState":{"showFog":true,"showMaterialUpdate":false,"showSkybox":false,"showFlares":true,"showImageEffects":true,"showParticleSystems":true},"in2DMode":false,"pivot":{"x":287.0567932128906,"y":104.30000305175781,"z":252.6699981689453},"rotation":{"x":0.22366014122962953,"y":0.7023880481719971,"z":-0.250284880399704,"w":0.6276965141296387},"size":1.8430428504943848,"orthographic":false}