{"cameraMode":{"drawMode":0,"name":"Shaded","section":"Shading Mode"},"sceneLighting":false,"audioPlay":false,"sceneViewState":{"showFog":true,"showMaterialUpdate":false,"showSkybox":false,"showFlares":true,"showImageEffects":true,"showParticleSystems":true},"in2DMode":false,"pivot":{"x":299.88232421875,"y":100.59520721435547,"z":261.9508361816406},"rotation":{"x":0.1250438392162323,"y":0.5124219655990601,"z":-0.07572145015001297,"w":0.846200704574585},"size":8.858697891235352,"orthographic":false}