{"cameraMode":{"drawMode":0,"name":"Shaded","section":"Shading Mode"},"sceneLighting":true,"audioPlay":false,"sceneViewState":{"showFog":true,"showMaterialUpdate":false,"showSkybox":true,"showFlares":true,"showImageEffects":true,"showParticleSystems":true},"in2DMode":false,"pivot":{"x":297.0737609863281,"y":102.51466369628906,"z":257.3043212890625},"rotation":{"x":-0.06372223049402237,"y":0.1170852780342102,"z":-0.00752834789454937,"w":-0.9910475015640259},"size":4.7105302810668949,"orthographic":false}