{"cameraMode":{"drawMode":0,"name":"Shaded","section":"Shading Mode"},"sceneLighting":false,"audioPlay":false,"sceneViewState":{"showFog":true,"showMaterialUpdate":false,"showSkybox":false,"showFlares":true,"showImageEffects":true,"showParticleSystems":true},"in2DMode":false,"pivot":{"x":0.005066007375717163,"y":-0.24228686094284059,"z":0.4883193373680115},"rotation":{"x":-0.17106780409812928,"y":0.5571300387382507,"z":-0.11863947659730911,"w":-0.8039484620094299},"size":1.4872926473617554,"orthographic":true}