{"cameraMode":{"drawMode":0,"name":"Shaded","section":"Shading Mode"},"sceneLighting":true,"audioPlay":false,"sceneViewState":{"showFog":true,"showMaterialUpdate":false,"showSkybox":true,"showFlares":true,"showImageEffects":true,"showParticleSystems":true},"in2DMode":false,"pivot":{"x":288.5400085449219,"y":103.66485595703125,"z":258.4200134277344},"rotation":{"x":-0.1299920231103897,"y":0.5212410092353821,"z":-0.08070281893014908,"w":-0.8395817279815674},"size":22.0,"orthographic":false}