{"cameraMode":{"drawMode":0,"name":"Shaded","section":"Shading Mode"},"sceneLighting":false,"audioPlay":false,"sceneViewState":{"showFog":true,"showMaterialUpdate":false,"showSkybox":false,"showFlares":true,"showImageEffects":true,"showParticleSystems":true},"in2DMode":false,"pivot":{"x":297.2845153808594,"y":102.61869812011719,"z":257.610107421875},"rotation":{"x":-0.01846363954246044,"y":0.9726436138153076,"z":-0.21617558598518372,"w":-0.083071768283844},"size":1.2574950456619263,"orthographic":false}