{"cameraMode":{"drawMode":0,"name":"Shaded","section":"Shading Mode"},"sceneLighting":true,"audioPlay":false,"sceneViewState":{"showFog":true,"showMaterialUpdate":false,"showSkybox":true,"showFlares":true,"showImageEffects":true,"showParticleSystems":true},"in2DMode":false,"pivot":{"x":293.0835876464844,"y":102.55093383789063,"z":262.4009704589844},"rotation":{"x":-0.04136963188648224,"y":0.9431143999099731,"z":-0.1283968687057495,"w":-0.3038727343082428},"size":1.5327402353286744,"orthographic":false}