{"cameraMode":{"drawMode":0,"name":"Shaded","section":"Shading Mode"},"sceneLighting":true,"audioPlay":false,"sceneViewState":{"showFog":true,"showMaterialUpdate":false,"showSkybox":true,"showFlares":true,"showImageEffects":true,"showParticleSystems":true},"in2DMode":false,"pivot":{"x":235.4145050048828,"y":49.819122314453128,"z":276.49871826171877},"rotation":{"x":-0.28547438979148867,"y":0.5720869302749634,"z":-0.2218315303325653,"w":-0.7362155914306641},"size":236.6507568359375,"orthographic":false}