{"cameraMode":{"drawMode":0,"name":"Shaded","section":"Shading Mode"},"sceneLighting":false,"audioPlay":false,"sceneViewState":{"showFog":true,"showMaterialUpdate":false,"showSkybox":false,"showFlares":true,"showImageEffects":true,"showParticleSystems":true},"in2DMode":false,"pivot":{"x":-4.110000133514404,"y":6.681015491485596,"z":-8.616292953491211},"rotation":{"x":-0.03004627302289009,"y":0.8624293208122253,"z":-0.05154760181903839,"w":-0.5026535391807556},"size":14.488550186157227,"orthographic":false}