{"cameraMode":{"drawMode":0,"name":"Shaded","section":"Shading Mode"},"sceneLighting":true,"audioPlay":false,"sceneViewState":{"showFog":true,"showMaterialUpdate":false,"showSkybox":true,"showFlares":true,"showImageEffects":true,"showParticleSystems":true},"in2DMode":false,"pivot":{"x":282.5915222167969,"y":103.73725128173828,"z":262.17742919921877},"rotation":{"x":-0.17106780409812928,"y":0.5571300387382507,"z":-0.11863947659730911,"w":-0.8039484620094299},"size":5.538690567016602,"orthographic":true}