{"cameraMode":{"drawMode":0,"name":"Shaded","section":"Shading Mode"},"sceneLighting":true,"audioPlay":false,"sceneViewState":{"showFog":true,"showMaterialUpdate":false,"showSkybox":true,"showFlares":true,"showImageEffects":true,"showParticleSystems":true},"in2DMode":false,"pivot":{"x":289.4913024902344,"y":102.86417388916016,"z":262.2108459472656},"rotation":{"x":-0.27057555317878725,"y":0.5821500420570374,"z":-0.21401473879814149,"w":-0.736312210559845},"size":1.6614315509796143,"orthographic":true}