{"cameraMode":{"drawMode":0,"name":"Shaded","section":"Shading Mode"},"sceneLighting":true,"audioPlay":false,"sceneViewState":{"showFog":true,"showMaterialUpdate":false,"showSkybox":true,"showFlares":true,"showImageEffects":true,"showParticleSystems":true},"in2DMode":false,"pivot":{"x":291.2707824707031,"y":103.85308837890625,"z":243.4034423828125},"rotation":{"x":0.1925586611032486,"y":-0.37724819779396059,"z":0.08066213130950928,"w":0.9023180603981018},"size":4.897732734680176,"orthographic":true}