{"cameraMode":{"drawMode":0,"name":"Shaded","section":"Shading Mode"},"sceneLighting":true,"audioPlay":false,"sceneViewState":{"showFog":true,"showMaterialUpdate":false,"showSkybox":true,"showFlares":true,"showImageEffects":true,"showParticleSystems":true},"in2DMode":false,"pivot":{"x":256.9442443847656,"y":112.6662368774414,"z":218.81756591796876},"rotation":{"x":0.2314189076423645,"y":0.12421886622905731,"z":-0.02982071414589882,"w":0.9644419550895691},"size":65.28351593017578,"orthographic":false}