{"cameraMode":{"drawMode":0,"name":"Shaded","section":"Shading Mode"},"sceneLighting":false,"audioPlay":false,"sceneViewState":{"showFog":true,"showMaterialUpdate":false,"showSkybox":false,"showFlares":true,"showImageEffects":true,"showParticleSystems":true},"in2DMode":false,"pivot":{"x":-0.6443102359771729,"y":-0.10792679339647293,"z":0.341806560754776},"rotation":{"x":-0.17708063125610352,"y":0.8179954290390015,"z":-0.3342435657978058,"w":-0.43336910009384158},"size":2.439091682434082,"orthographic":false}