{"cameraMode":{"drawMode":0,"name":"Shaded","section":"Shading Mode"},"sceneLighting":true,"audioPlay":false,"sceneViewState":{"showFog":true,"showMaterialUpdate":false,"showSkybox":true,"showFlares":true,"showImageEffects":true,"showParticleSystems":true},"in2DMode":false,"pivot":{"x":303.95037841796877,"y":99.53194427490235,"z":257.32305908203127},"rotation":{"x":-0.07464853674173355,"y":0.4145866334438324,"z":-0.03422041982412338,"w":-0.9063340425491333},"size":1.5572102069854737,"orthographic":true}