{"cameraMode":{"drawMode":0,"name":"Shaded","section":"Shading Mode"},"sceneLighting":true,"audioPlay":false,"sceneViewState":{"showFog":true,"showMaterialUpdate":false,"showSkybox":true,"showFlares":true,"showImageEffects":true,"showParticleSystems":true},"in2DMode":false,"pivot":{"x":298.4210205078125,"y":109.2841567993164,"z":253.80160522460938},"rotation":{"x":0.1925586611032486,"y":-0.37724819779396059,"z":0.08066213130950928,"w":0.9023180603981018},"size":5.5605387687683109,"orthographic":true}