{"cameraMode":{"drawMode":0,"name":"Shaded","section":"Shading Mode"},"sceneLighting":true,"audioPlay":false,"sceneViewState":{"showFog":true,"showMaterialUpdate":false,"showSkybox":true,"showFlares":true,"showImageEffects":true,"showParticleSystems":true},"in2DMode":false,"pivot":{"x":-4.554838180541992,"y":0.035465508699417117,"z":4.722354412078857},"rotation":{"x":-0.07592964917421341,"y":0.8719497323036194,"z":-0.1433189958333969,"w":-0.4619544446468353},"size":0.10268910229206085,"orthographic":false}