{"cameraMode":{"drawMode":0,"name":"Shaded","section":"Shading Mode"},"sceneLighting":true,"audioPlay":false,"sceneViewState":{"showFog":true,"showMaterialUpdate":false,"showSkybox":true,"showFlares":true,"showImageEffects":true,"showParticleSystems":true},"in2DMode":false,"pivot":{"x":291.2300109863281,"y":105.82969665527344,"z":255.489990234375},"rotation":{"x":-0.1738424301147461,"y":0.5106605887413025,"z":-0.10632039606571198,"w":-0.8353226780891419},"size":24.582717895507814,"orthographic":true}