{"cameraMode":{"drawMode":0,"name":"Shaded","section":"Shading Mode"},"sceneLighting":false,"audioPlay":false,"sceneViewState":{"showFog":true,"showMaterialUpdate":false,"showSkybox":false,"showFlares":true,"showImageEffects":true,"showParticleSystems":true},"in2DMode":false,"pivot":{"x":-5.680059432983398,"y":-0.16074976325035096,"z":1.5165668725967408},"rotation":{"x":-0.12154155224561691,"y":0.7702561020851135,"z":-0.1542942374944687,"w":-0.6067385077476502},"size":17.748506546020509,"orthographic":false}