{"cameraMode":{"drawMode":0,"name":"Shaded","section":"Shading Mode"},"sceneLighting":false,"audioPlay":false,"sceneViewState":{"showFog":true,"showMaterialUpdate":false,"showSkybox":false,"showFlares":true,"showImageEffects":true,"showParticleSystems":true},"in2DMode":false,"pivot":{"x":288.1864013671875,"y":105.76947021484375,"z":257.2544860839844},"rotation":{"x":-0.04618178308010101,"y":-0.008678361773490906,"z":-0.00040124417864717543,"w":0.9989033937454224},"size":10.405191421508789,"orthographic":false}