{"cameraMode":{"drawMode":0,"name":"Shaded","section":"Shading Mode"},"sceneLighting":true,"audioPlay":false,"sceneViewState":{"showFog":true,"showMaterialUpdate":false,"showSkybox":true,"showFlares":true,"showImageEffects":true,"showParticleSystems":true},"in2DMode":false,"pivot":{"x":356.377197265625,"y":310.205322265625,"z":-0.0000152587890625},"rotation":{"x":-0.14772383868694306,"y":0.8522736430168152,"z":-0.3536331355571747,"w":-0.35602203011512759},"size":347.99261474609377,"orthographic":false}