{"cameraMode":{"drawMode":0,"name":"Shaded","section":"Shading Mode"},"sceneLighting":false,"audioPlay":false,"sceneViewState":{"showFog":true,"showMaterialUpdate":false,"showSkybox":false,"showFlares":true,"showImageEffects":true,"showParticleSystems":true},"in2DMode":false,"pivot":{"x":288.9064636230469,"y":103.04454803466797,"z":260.5189208984375},"rotation":{"x":-0.022192006930708886,"y":0.8570656776428223,"z":-0.037049807608127597,"w":-0.5134032368659973},"size":1.6614315509796143,"orthographic":false}