{"cameraMode":{"drawMode":0,"name":"Shaded","section":"Shading Mode"},"sceneLighting":false,"audioPlay":false,"sceneViewState":{"showFog":true,"showMaterialUpdate":false,"showSkybox":false,"showFlares":true,"showImageEffects":true,"showParticleSystems":true},"in2DMode":false,"pivot":{"x":1.137995719909668,"y":-0.1833326816558838,"z":-0.09703318029642105},"rotation":{"x":-0.18862368166446687,"y":-0.6070464849472046,"z":0.15126100182533265,"w":-0.7569999098777771},"size":5.313133239746094,"orthographic":false}