{"cameraMode":{"drawMode":0,"name":"Shaded","section":"Shading Mode"},"sceneLighting":false,"audioPlay":false,"sceneViewState":{"showFog":true,"showMaterialUpdate":false,"showSkybox":false,"showFlares":true,"showImageEffects":true,"showParticleSystems":true},"in2DMode":false,"pivot":{"x":0.009999990463256836,"y":3.129995107650757,"z":2.129995107650757},"rotation":{"x":-0.011575372889637947,"y":0.6993387937545776,"z":-0.011333825066685677,"w":-0.7146152257919312},"size":6.508234977722168,"orthographic":false}