{"cameraMode":{"drawMode":0,"name":"Shaded","section":"Shading Mode"},"sceneLighting":false,"audioPlay":false,"sceneViewState":{"showFog":true,"showMaterialUpdate":false,"showSkybox":false,"showFlares":true,"showImageEffects":true,"showParticleSystems":true},"in2DMode":false,"pivot":{"x":298.72015380859377,"y":100.66047668457031,"z":264.21588134765627},"rotation":{"x":0.1250438392162323,"y":0.5124219655990601,"z":-0.07572145015001297,"w":0.846200704574585},"size":9.913518905639649,"orthographic":false}