{"cameraMode":{"drawMode":0,"name":"Shaded","section":"Shading Mode"},"sceneLighting":true,"audioPlay":false,"sceneViewState":{"showFog":true,"showMaterialUpdate":false,"showSkybox":true,"showFlares":true,"showImageEffects":true,"showParticleSystems":true},"in2DMode":false,"pivot":{"x":287.8973693847656,"y":105.1134262084961,"z":260.0095520019531},"rotation":{"x":0.22378449141979218,"y":-0.3008522689342499,"z":0.07300067692995072,"w":0.9242118000984192},"size":37.08965301513672,"orthographic":true}