{"cameraMode":{"drawMode":0,"name":"Shaded","section":"Shading Mode"},"sceneLighting":true,"audioPlay":false,"sceneViewState":{"showFog":true,"showMaterialUpdate":false,"showSkybox":true,"showFlares":true,"showImageEffects":true,"showParticleSystems":true},"in2DMode":false,"pivot":{"x":259.17816162109377,"y":96.66374206542969,"z":217.49891662597657},"rotation":{"x":-0.20669329166412354,"y":0.3427583873271942,"z":-0.07758660614490509,"w":-0.9131131768226624},"size":25.79242515563965,"orthographic":false}