{"cameraMode":{"drawMode":0,"name":"Shaded","section":"Shading Mode"},"sceneLighting":true,"audioPlay":false,"sceneViewState":{"showFog":true,"showMaterialUpdate":false,"showSkybox":true,"showFlares":true,"showImageEffects":true,"showParticleSystems":true},"in2DMode":false,"pivot":{"x":290.1300048828125,"y":102.99124908447266,"z":260.61407470703127},"rotation":{"x":0.22378449141979218,"y":-0.3008522689342499,"z":0.07300067692995072,"w":0.9242118000984192},"size":1.734598159790039,"orthographic":true}