{"cameraMode":{"drawMode":0,"name":"Shaded","section":"Shading Mode"},"sceneLighting":true,"audioPlay":false,"sceneViewState":{"showFog":true,"showMaterialUpdate":false,"showSkybox":true,"showFlares":true,"showImageEffects":true,"showParticleSystems":true},"in2DMode":false,"pivot":{"x":270.7312927246094,"y":-792.0608520507813,"z":233.53358459472657},"rotation":{"x":-0.17106780409812928,"y":0.5571300387382507,"z":-0.11863947659730911,"w":-0.8039484620094299},"size":5.894381046295166,"orthographic":true}