{"cameraMode":{"drawMode":0,"name":"Shaded","section":"Shading Mode"},"sceneLighting":true,"audioPlay":false,"sceneViewState":{"showFog":true,"showMaterialUpdate":false,"showSkybox":true,"showFlares":true,"showImageEffects":true,"showParticleSystems":true},"in2DMode":false,"pivot":{"x":287.1119079589844,"y":105.11050415039063,"z":260.3439025878906},"rotation":{"x":0.17003042995929719,"y":-0.0912235826253891,"z":0.015934178605675699,"w":0.9811192154884338},"size":50.294803619384769,"orthographic":true}