{"cameraMode":{"drawMode":0,"name":"Shaded","section":"Shading Mode"},"sceneLighting":true,"audioPlay":false,"sceneViewState":{"showFog":true,"showMaterialUpdate":false,"showSkybox":true,"showFlares":true,"showImageEffects":true,"showParticleSystems":true},"in2DMode":false,"pivot":{"x":296.78253173828127,"y":102.82727813720703,"z":255.07632446289063},"rotation":{"x":-0.0851387232542038,"y":0.3538927733898163,"z":-0.03236912563443184,"w":-0.9308629631996155},"size":9.803922653198243,"orthographic":true}